[
  {
    "name": "Community Picnic",
    "date": "2024-03-15",
    "location": "Central Park"
  },
  {
    "name": "Technology Workshop",
    "date": "2024-04-20",
    "location": "Tech Hub"
  },
  {
    "name": "Outdoor Concert",
    "date": "2024-05-05",
    "location": "Riverside Arena"
  },
  {
    "name": "Final east offer",
    "date": "2024-12-02",
    "location": "South Josephtown"
  },
  {
    "name": "Business lawyer threat",
    "date": "2024-07-16",
    "location": "New Natalieside"
  },
  {
    "name": "Image yourself next",
    "date": "2024-09-05",
    "location": "North Stephenberg"
  },
  {
    "name": "Something change important",
    "date": "2024-11-01",
    "location": "Lake David"
  },
  {
    "name": "Pick Mrs",
    "date": "2025-05-30",
    "location": "Watsonland"
  },
  {
    "name": "Participant reach card",
    "date": "2025-05-05",
    "location": "North Stephanieside"
  },
  {
    "name": "Same present analysis mouth",
    "date": "2025-02-28",
    "location": "Lake Julie"
  }
]
