{
  "users" : [

    {
      "DisplayName" : "Jeffery Jone",
      "EmailAddress" : "jjone@example.com",
      "Username" : "jefferyjone",
      "Password" : "123456"
    },

    {
      "DisplayName" : "Chase Allen",
      "EmailAddress" : "chasec@example.com",
      "Username" : "chasec",
      "Password" : "666666"
    },

    {
      "DisplayName" : "Admin",
      "EmailAddress" : "admin@example.com",
      "Username" : "admin",
      "Password" : "password"
    }
  ]

}